-- Google Places Venues for Philadelphia, PA
-- Radius: 50000m (50.0km)
-- Generated: 2025-11-11T18:43:46.110Z

-- =============================================================================
-- GOOGLE PLACES VENUES - PHILADELPHIA, PA
-- =============================================================================
-- Fetched: 2025-11-11T18:44:15.970Z
-- Total venues: 68
-- =============================================================================

-- Sofive Soccer Centers Elkins Park
-- 46 Church Rd, Elkins Park, PA 19027, USA
-- Rating: 4.6/5.0 (774 reviews)

-- Voorhees Echelon Soccer Fields
-- 255 Echelon Rd, Voorhees Township, NJ 08043, USA
-- Rating: 4.7/5.0 (75 reviews)

-- Geasey Field
-- 1890 N 15th St, Philadelphia, PA 19121, USA
-- Rating: 4.5/5.0 (37 reviews)

-- West End Soccer Fields
-- 45 Scotch Rd, Ewing Township, NJ 08628, USA
-- Rating: 4.1/5.0 (26 reviews)

-- Starfinder Foundation
-- 4015 Main St, Philadelphia, PA 19127, USA
-- Rating: 4.9/5.0 (32 reviews)

-- West-Mont United Soccer Association HillTop Soccer Complex
-- 560 Royersford Rd, Royersford, PA 19468, USA
-- Rating: 4.3/5.0 (191 reviews)

-- William Wilt Soccer Complex
-- Mullica Hill, NJ 08062, USA
-- Rating: 4.6/5.0 (210 reviews)

-- Twin Pines Recreation Area
-- 250 Lawrenceville - Pennington Rd, Pennington, NJ 08534, USA
-- Rating: 4.4/5.0 (110 reviews)

-- Pittsgrove Township Soccer
-- Pittsgrove, NJ 08318, USA
-- Rating: 4.5/5.0 (52 reviews)

-- Lumberton Municipal Soccer Fields
-- Main St, Lumberton Township, NJ 08048, USA
-- Rating: 4.1/5.0 (83 reviews)

-- Select Soccer Center
-- 223 Keith Valley Rd, Horsham, PA 19044, USA
-- Rating: 4.7/5.0 (63 reviews)

-- Decou Soccer Field
-- Cherry Hill Township, NJ 08003, USA
-- Rating: 4.6/5.0 (10 reviews)

-- Chapel Ave Park, Lacrosse and Soccer Field
-- 2030 Chapel Ave W, Cherry Hill Township, NJ 08002, USA
-- Rating: 4.6/5.0 (63 reviews)

-- lower oakbourne soccer field
-- 500 E Pleasant Grove Rd, West Chester, PA 19382, USA
-- Rating: 4.7/5.0 (3 reviews)

-- Devon Ave. Soccer Fields
-- 1600 Hazel, Haddon Heights, NJ 08035, USA
-- Rating: 4.2/5.0 (62 reviews)

-- Washington Township Soccer County House Complex
-- County House Rd, Sewell, NJ 08080, USA
-- Rating: 4.4/5.0 (51 reviews)

-- La Deportiva
-- 800 Julian Ln, Bear, DE 19701, USA
-- Rating: 4.3/5.0 (57 reviews)

-- Forwood Elementary soccer fields
-- Wilmington, DE 19810, USA
-- Rating: 4.2/5.0 (13 reviews)

-- Logan Soccer Complex
-- 2201 Township Line Rd, Logan Township, NJ 08085, USA
-- Rating: 4.6/5.0 (65 reviews)

-- Walker Gordon Soccer Field
-- Walker Gordon Dr, Plainsboro Township, NJ 08536, USA
-- Rating: 4/5.0 (8 reviews)

-- Palumbo Recreation Center
-- 725 S 10th St, Philadelphia, PA 19147, USA
-- Rating: 4.5/5.0 (134 reviews)

-- 69th Street Recreation Area
-- 555 S 69th St, Upper Darby Township, PA 19082, USA
-- Rating: 4.4/5.0 (108 reviews)

-- Rap Curry Athletic Complex Kerr Field
-- 1100-1112 Baily Rd, Yeadon, PA 19050, USA
-- Rating: 4.3/5.0 (111 reviews)

-- XL Sports World Mt. Laurel
-- 1 Hovtech Blvd, Mt Laurel Township, NJ 08054, USA
-- Rating: 4.1/5.0 (421 reviews)

-- South Avenue Sports Complex
-- 283-299 W South Ave, Glenolden, PA 19036, USA
-- Rating: 4.2/5.0 (104 reviews)

-- Sweeney Field
-- 5600 City Ave, Philadelphia, PA 19131, USA
-- Rating: 4.5/5.0 (188 reviews)

-- Lighthouse Field
-- Roosevelt Blvd &, 2686 Southampton Rd, Philadelphia, PA 19116, USA
-- Rating: 4.2/5.0 (50 reviews)

-- Woodbury Football Field
-- 435 E Red Bank Ave, Woodbury, NJ 08096, USA
-- Rating: 4.3/5.0 (26 reviews)

-- Eastern Junior Vikings Foulke Field House
-- 1000 Victor Blvd, Voorhees Township, NJ 08043, USA
-- Rating: 4.9/5.0 (7 reviews)

-- La Bombonera 2
-- 465 Marina la, New Castle, DE 19720, USA
-- Rating: 4.4/5.0 (141 reviews)

-- Friendship Field - Bordentown FC
-- 455 Ward Ave, Chesterfield, NJ 08515, USA
-- Rating: 4.2/5.0 (171 reviews)

-- Hidden Acres Township Park
-- 280 Jessups Mill Rd, Clarksboro, NJ 08020, USA
-- Rating: 4.3/5.0 (51 reviews)

-- Lincoln Financial Field
-- One Lincoln Financial Field Way, Philadelphia, PA 19148, USA
-- Rating: 4.6/5.0 (13789 reviews)

-- Campo Amistad
-- 2314 Carman St, Camden, NJ 08105, USA
-- Rating: 4.5/5.0 (58 reviews)

-- Frankford Stadium
-- 1074 Dyre St, Philadelphia, PA 19124, USA
-- Rating: 4.3/5.0 (124 reviews)

-- Franklin Field
-- 235 S 33rd St, Philadelphia, PA 19104, USA
-- Rating: 4.6/5.0 (1025 reviews)

-- Princeton Stadium
-- Princeton, NJ 08540, USA
-- Rating: 4.7/5.0 (252 reviews)

-- Washington Twp Football Field
-- 217 E Holly Ave, Sewell, NJ 08080, USA
-- Rating: 4.6/5.0 (55 reviews)

-- Westampton Sports Complex
-- 301 Bridge St, Westampton Township, NJ 08060, USA
-- Rating: 4.4/5.0 (264 reviews)

-- All Sports Center
-- 1511 W Main St, Collegeville, PA 19426, USA
-- Rating: 4.3/5.0 (106 reviews)

-- Academy Sports Complex
-- 3527 Lincoln Hwy, Thorndale, PA 19372, USA
-- Rating: 4.8/5.0 (29 reviews)

-- The Proving Grounds
-- 725 Conshohocken Rd, Conshohocken, PA 19428, USA
-- Rating: 4.7/5.0 (321 reviews)

-- Sofive Soccer Centers Hatfield (XL Sports World)
-- 2278 N Penn Rd, Hatfield, PA 19440, USA
-- Rating: 4.3/5.0 (241 reviews)

-- XL Sports World Cherry Hill
-- 650 Kresson Rd, Cherry Hill Township, NJ 08034, USA
-- Rating: 4.3/5.0 (533 reviews)

-- Wildcat Sports Center
-- 1524 Grant St, Egg Harbor City, NJ 08215, USA
-- Rating: 4.6/5.0 (78 reviews)

-- Memorial Sports Complex Athletic Field
-- 1004 Tuckerton Rd, Evesham, NJ 08053, USA
-- Rating: 4.6/5.0 (248 reviews)

-- YSC Sports
-- 224 County Line Rd, Wayne, PA 19087, USA
-- Rating: 4.5/5.0 (450 reviews)

-- 422 Sportsplex
-- 1400 Industrial Hwy #3228, Pottstown, PA 19464, USA
-- Rating: 4/5.0 (408 reviews)

-- Memorial Sports Complex
-- 1040 Tuckerton Rd, Evesham, NJ 08053, USA
-- Rating: 4.3/5.0 (40 reviews)

-- United Sports
-- 1426 Marshallton Thorndale Rd, Downingtown, PA 19335, USA
-- Rating: 4.3/5.0 (610 reviews)

-- RVRHS Sports Complex
-- 1 Mill Creek Rd, Eastampton Township, NJ 08060, USA
-- Rating: 4.6/5.0 (40 reviews)

-- MSI Sports Complex
-- 4881 Chichester Ave, Upper Chichester, PA 19014, USA
-- Rating: 3.6/5.0 (413 reviews)

-- Phield House
-- 814 Spring Garden St, Philadelphia, PA 19123, USA
-- Rating: 4.6/5.0 (213 reviews)

-- Subaru Park
-- 2501 Seaport Dr, Chester, PA 19013, USA
-- Rating: 4.6/5.0 (3847 reviews)

-- Rowan University Soccer Stadium
-- 297-399 North Campus Drive, Glassboro, NJ 08028, USA
-- Rating: 4.5/5.0 (14 reviews)

-- South Philadelphia Super Site
-- 2926-2968 S 10th St, Philadelphia, PA 19148, USA
-- Rating: 4.3/5.0 (204 reviews)

-- MCCC Soccer Stadium
-- Mercer County Community College - Student Center and Library, 1200 Old Trenton Rd, West Windsor Township, NJ 08550, USA
-- Rating: 4.7/5.0 (19 reviews)

-- Roberts Stadium
-- Princeton, NJ 08540, USA
-- Rating: 4.8/5.0 (38 reviews)

-- McCarthy Stadium
-- 1900 W Olney Ave, Philadelphia, PA 19141, USA
-- Rating: 4.2/5.0 (40 reviews)

-- Marcus Foster Memorial Stadium
-- 1600 Staub St, Philadelphia, PA 19140, USA
-- Rating: 4.3/5.0 (357 reviews)

-- Villanova Stadium
-- 800 E. Lancaster Ave, Villanova, PA 19085, USA
-- Rating: 4.5/5.0 (250 reviews)

-- Viking Stadium
-- King of Prussia, PA 19406, USA
-- Rating: 4.8/5.0 (20 reviews)

-- Villanova Soccer Camps
-- North Rd, Villanova, PA 19085, USA
-- Rating: 4.6/5.0 (34 reviews)

-- Leslie C. Quick Jr. Stadium
-- 1 University Pl, Chester, PA 19013, USA
-- Rating: 4.2/5.0 (106 reviews)

-- Farrell Stadium
-- 855 S New St, West Chester, PA 19383, USA
-- Rating: 4.4/5.0 (197 reviews)

-- Stuart & Suzanne Grant Stadium
-- Newark, DE 19713, USA
-- Rating: 4.6/5.0 (11 reviews)

-- Abessinio Stadium
-- 1 St. Rocco Way, Wilmington, DE 19802, USA
-- Rating: 4.8/5.0 (57 reviews)

-- Benjamin L Johnston Memorial Stadium
-- 1199 E Sedgwick St, Philadelphia, PA 19150, USA
-- Rating: 4.5/5.0 (96 reviews)


-- Venues for allentown_-pa

-- Google Places Venues for Allentown, PA
-- Radius: 50000m (50.0km)
-- Generated: 2025-11-11T18:44:43.877Z

-- =============================================================================
-- GOOGLE PLACES VENUES - ALLENTOWN, PA
-- =============================================================================
-- Fetched: 2025-11-11T18:45:07.550Z
-- Total venues: 58
-- =============================================================================

-- Lehigh County Sports Fields
-- Allentown, PA 18104, USA
-- Rating: 4.5/5.0 (318 reviews)

-- Allen Township Savage Road
-- 838-882 Savage Rd, Northampton, PA 18067, USA
-- Rating: 4.5/5.0 (38 reviews)

-- West-Mont United Soccer Association HillTop Soccer Complex
-- 560 Royersford Rd, Royersford, PA 19468, USA
-- Rating: 4.3/5.0 (191 reviews)

-- Wyomissing Quarry Soccer Fields Mccanny Cup
-- 2001 Old Wyomissing Rd, Wyomissing, PA 19610, USA
-- Rating: 4.3/5.0 (24 reviews)

-- Select Soccer Center
-- 223 Keith Valley Rd, Horsham, PA 19044, USA
-- Rating: 4.7/5.0 (63 reviews)

-- Glasser Field
-- Stefko Blvd & E Market St, Minsi Trail Bridge, Bethlehem, PA 18018, USA
-- Rating: 4.3/5.0 (24 reviews)

-- Washington Crossing State Park Soccer Fields
-- 112 River Rd, Washington Crossing, PA 18977, USA
-- Rating: 4.4/5.0 (33 reviews)

-- Paul Farnan Field
-- 90 Eisenhart Blvd, Bangor, PA 18013, USA
-- Rating: 4.4/5.0 (205 reviews)

-- Keystone Soccer Fields
-- 4218-4222 Manor Dr, Stroudsburg, PA 18360, USA
-- Rating: 4.1/5.0 (29 reviews)

-- Warrington Soccer Club King Field
-- 4000 Kelly Rd, Warrington, PA 18976, USA
-- Rating: 4.4/5.0 (21 reviews)

-- Springridge Soccer Park & Lower Macungie Greenway Trailhead.
-- 5582 Spring Ridge Dr W, Macungie, PA 18062, USA
-- Rating: 4.1/5.0 (15 reviews)

-- Lou Ramos Center
-- 1344 N Sherman St, Allentown, PA 18109, USA
-- Rating: 4.4/5.0 (155 reviews)

-- Grist Mill Park
-- Lansdale, PA 19446, USA
-- Rating: 4.7/5.0 (11 reviews)

-- Covered Bridge Soccer Field
-- Branch Rd, Perkasie, PA 18944, USA
-- Rating: 4.6/5.0 (14 reviews)

-- Fellowship Park
-- 199 Meadowood Dr, Lansdale, PA 19446, USA
-- Rating: 4.6/5.0 (78 reviews)

-- Trout Run Sports Complex
-- 950 W Neversink Rd, Reading, PA 19606, USA
-- Rating: 4.2/5.0 (65 reviews)

-- Ultimate Athletic Complex
-- 1592 Wyomissing Rd, Mohnton, PA 19540, USA
-- Rating: 4.1/5.0 (28 reviews)

-- Soccer Field
-- Allentown, PA 18104, USA
-- Rating: 3.5/5.0 (4 reviews)

-- Veterans Field
-- 400 Street Rd, Southampton, PA 18966, USA
-- Rating: 4.7/5.0 (48 reviews)

-- Soccer Field
-- Schoeneck Rd, Macungie, PA 18062, USA
-- Rating: 4.5/5.0 (23 reviews)

-- Upper Dublin Sports Park
-- 725 Susquehanna Rd, Fort Washington, PA 19034, USA
-- Rating: 4.8/5.0 (41 reviews)

-- BASD Stadium
-- 1115 Linden St, Bethlehem, PA 18018, USA
-- Rating: 4.6/5.0 (205 reviews)

-- Lehighton Multi-Purpose Stadium
-- Lehighton, PA 18235, USA
-- Rating: 4.5/5.0 (31 reviews)

-- Cottingham Stadium
-- N 11th St, Easton, PA 18042, USA
-- Rating: 4.4/5.0 (249 reviews)

-- Heil Park
-- 900 Packer St, Easton, PA 18042, USA
-- Rating: 4.3/5.0 (125 reviews)

-- Cardinal Stadium
-- Normandy Ln, Fort Washington, PA 19034, USA
-- Rating: 4.5/5.0 (37 reviews)

-- Warrington Warriors Football Field
-- 1597 Turk Rd, Warrington, PA 18976, USA
-- Rating: 4.6/5.0 (12 reviews)

-- Jim Thorpe Olympian Football Stadium
-- 88 E 13th St, Jim Thorpe, PA 18229, USA
-- Rating: 4.4/5.0 (84 reviews)

-- Fisher Stadium
-- 218 A P Kirby Sports Ctr, Easton, PA 18042, USA
-- Rating: 4.6/5.0 (127 reviews)

-- Stony Creek Sports Park
-- 500 N Wales Rd, Lansdale, PA 19446, USA
-- Rating: 4.6/5.0 (59 reviews)

-- Crawford Stadium
-- 1340 Sumneytown Pike, Lansdale, PA 19446, USA
-- Rating: 4.8/5.0 (49 reviews)

-- Goodman Stadium
-- 150 Goodman Dr, Bethlehem, PA 18015, USA
-- Rating: 4.6/5.0 (308 reviews)

-- J. Birney Crum Stadium
-- 2027 Linden St, Allentown, PA 18104, USA
-- Rating: 4.3/5.0 (666 reviews)

-- Scotty Wood Stadium
-- Plant Operations Building, Allentown, PA 18104, USA
-- Rating: 4.6/5.0 (23 reviews)

-- Kirby Sports Center
-- 700 W Pierce St, Easton, PA 18042, USA
-- Rating: 4.7/5.0 (94 reviews)

-- Nazareth High School Football Field
-- Nazareth, PA 18064, USA
-- Rating: 4.3/5.0 (8 reviews)

-- All Sports Center
-- 1511 W Main St, Collegeville, PA 19426, USA
-- Rating: 4.3/5.0 (106 reviews)

-- Sofive Soccer Centers Hatfield (XL Sports World)
-- 2278 N Penn Rd, Hatfield, PA 19440, USA
-- Rating: 4.3/5.0 (241 reviews)

-- Quakertown Sports Complex
-- Quakertown, PA 18951, USA
-- Rating: 4.7/5.0 (32 reviews)

-- 422 Sportsplex
-- 1400 Industrial Hwy #3228, Pottstown, PA 19464, USA
-- Rating: 4/5.0 (408 reviews)

-- The Far Post
-- 190 Airport Rd, Pottstown, PA 19464, USA
-- Rating: 4.6/5.0 (85 reviews)

-- Narrow Valley Sportsplex
-- 20 Market St, Nesquehoning, PA 18240, USA
-- Rating: 4.6/5.0 (37 reviews)

-- Amity AC Lower Fields (Field 6)
-- 55 Amity Park Rd, Birdsboro, PA 19508, USA
-- Rating: 4.6/5.0 (19 reviews)

-- Exeter Fieldhouse
-- 4401 Perkiomen Ave, Reading, PA 19606, USA
-- Rating: 4.4/5.0 (53 reviews)

-- St.Luke's Sports Center [Fieldhouse]
-- 3321 7th St, Hokendauqua, PA 18052, USA
-- Rating: 4.6/5.0 (27 reviews)

-- StarSportsUS Indoor Sports Facility
-- 409 Camars Dr, Warminster, PA 18974, USA
-- Rating: 4.4/5.0 (103 reviews)

-- Athletes Edge of Berks
-- 2816 Old Pricetown Rd, Temple, PA 19560, USA
-- Rating: 4.5/5.0 (90 reviews)

-- Twin Lakes Sports Field
-- 3557 Shankweiler Rd, Allentown, PA 18104, USA
-- Rating: 4.3/5.0 (40 reviews)

-- Ukrainian American Sports Center
-- 1 Lower State Rd, North Wales, PA 19454, USA
-- Rating: 4.7/5.0 (233 reviews)

-- Big Show Sports
-- 1098 County Welfare Rd, Leesport, PA 19533, USA
-- Rating: 3.9/5.0 (58 reviews)

-- Gene L Shirk Stadium
-- Reading, PA 19604, USA
-- Rating: 4.8/5.0 (92 reviews)

-- John Gurski Stadium
-- 2601 Grandview Blvd, Reading, PA 19609, USA
-- Rating: 4.5/5.0 (79 reviews)

-- East Stroudsburg South Memorial Stadium
-- 196 Elizabeth St, East Stroudsburg, PA 18301, USA
-- Rating: 4.8/5.0 (37 reviews)

-- Harry E. Franks Stadium
-- Hulmeville, PA 19047, USA
-- Rating: 4.5/5.0 (23 reviews)

-- EPSD Stadium
-- Emmaus, PA 18049, USA
-- Rating: 4.8/5.0 (32 reviews)

-- Rocco Calvo Field
-- 34 E Elizabeth Ave, Bethlehem, PA 18018, USA
-- Rating: 4.7/5.0 (20 reviews)

-- Zephyr Stadium
-- 3800 Mechanicsville Rd, Whitehall Township, PA 18052, USA
-- Rating: 4.6/5.0 (57 reviews)

-- Alvernia University Turf Field
-- Laverna Dr, Reading, PA 19607, USA
-- Rating: 4.8/5.0 (12 reviews)


-- Venues for atlantic-city_-nj

-- Google Places Venues for Atlantic City, NJ
-- Radius: 50000m (50.0km)
-- Generated: 2025-11-11T18:46:50.984Z

-- =============================================================================
-- GOOGLE PLACES VENUES - ATLANTIC CITY, NJ
-- =============================================================================
-- Fetched: 2025-11-11T18:47:09.613Z
-- Total venues: 44
-- =============================================================================

-- Wildcat Sports Center
-- 1524 Grant St, Egg Harbor City, NJ 08215, USA
-- Rating: 4.6/5.0 (78 reviews)

-- Soccer Field Sicklerville NJ
-- 563 Sickler Ave, Sicklerville, NJ 08081, USA
-- Rating: 4.2/5.0 (31 reviews)

-- Tuckahoe Soccer Fields
-- 662 Walker Rd, Hammonton, NJ 08037, USA
-- Rating: 4.5/5.0 (24 reviews)

-- Stockton Turf Field
-- 190-198 Pomona Rd, Pomona, NJ 08240, USA
-- Rating: 4.8/5.0 (40 reviews)

-- Tartaglio Sports Complex
-- 299 S Genoa Ave #245, Egg Harbor City, NJ 08215, USA
-- Rating: 4.4/5.0 (75 reviews)

-- Cape Express Soccer Club - Home Field Location
-- 25 Fulling Mill Rd, Rio Grande, NJ 08242, USA
-- Rating: 4.5/5.0 (15 reviews)

-- Barnegat Soccer Club Fields
-- 1001 Barnegat Blvd N, Barnegat, NJ 08005, USA
-- Rating: 4.4/5.0 (35 reviews)

-- Soccer Field
-- N Spring Rd, Vineland, NJ 08361, USA
-- Rating: 4.4/5.0 (35 reviews)

-- Monroe Township Youth Soccer
-- 1866 Corkery Ln, Williamstown, NJ 08094, USA
-- Rating: 4.2/5.0 (74 reviews)

-- Mary Duffy Practice Field
-- 25 Corkery Ln, Williamstown, NJ 08094, USA
-- Rating: 4.7/5.0 (73 reviews)

-- All Wars Memorial Park
-- 1210 Wabash Ave, Linwood, NJ 08221, USA
-- Rating: 4.6/5.0 (186 reviews)

-- Clem Mulligan Sports Complex
-- 200 Harvard Ave, Villas, NJ 08251, USA
-- Rating: 3.9/5.0 (46 reviews)

-- Freeman S. Douglass, Jr. Memorial Park
-- 676 Shore Rd, Cape May, NJ 08204, USA
-- Rating: 4.6/5.0 (37 reviews)

-- Egg Harbor Township Eagles Football Field
-- Egg Harbor Township, NJ 08234, USA
-- Rating: 3.9/5.0 (14 reviews)

-- Annapolis Avenue Recreation Complex
-- 502 N Annapolis Ave, Atlantic City, NJ 08401, USA
-- Rating: 4.1/5.0 (20 reviews)

-- Soccer Field Hammonton
-- 628 Fleming Pike, Hammonton, NJ 08037, USA
-- Rating: 5/5.0 (3 reviews)

-- Hamilton Elite FC
-- 5714 Hickory St, Mays Landing, NJ 08330, USA
-- Rating: 4/5.0 (43 reviews)

-- Doc Cramer Sports Complex
-- Parking lot, Stafford Township, NJ 08050, USA
-- Rating: 4.6/5.0 (77 reviews)

-- Poplar Avenue Soccer Field
-- W Poplar Ave, Linwood, NJ 08221, USA
-- Rating: 4.8/5.0 (6 reviews)

-- Romano Park
-- 0614-032010000-000010000-00000, Vineland, NJ 08361, USA
-- Rating: 4.5/5.0 (110 reviews)

-- Vineland Junior Football League Vineland Blitz
-- 1757 Maple Ave, Vineland, NJ 08361, USA
-- Rating: 5/5.0 (4 reviews)

-- Lawrence "Bud" Kern Field
-- 595 Marks Rd, Somers Point, NJ 08244, USA
-- Rating: 4.5/5.0 (65 reviews)

-- Ventnor Baseball & Softball Field
-- 401 N Surrey Ave, Ventnor City, NJ 08406, USA
-- Rating: 4.2/5.0 (25 reviews)

-- Berlin Park
-- 27 S Park Dr, Berlin, NJ 08009, USA
-- Rating: 4.3/5.0 (246 reviews)

-- Winslow Township Albion Municipal Park
-- 498 Evergreen Ave, Berlin, NJ 08009, USA
-- Rating: 4.4/5.0 (39 reviews)

-- Key Rec. Fields, Egg Harbor City, NJ
-- 701-711 S Chicago Ave, Egg Harbor City, NJ 08215, USA
-- Rating: 4.4/5.0 (42 reviews)

-- Williamstown HS baseball field
-- 700 Север-Такахо-роуд, Williamstown, NJ 08094, USA
-- Rating: 4.7/5.0 (11 reviews)

-- Owens Park
-- Williamstown, NJ 08094, USA
-- Rating: 4.6/5.0 (317 reviews)

-- Carey Stadium
-- 500 Boardwalk, Ocean City, NJ 08226, USA
-- Rating: 4.6/5.0 (21 reviews)

-- Joker Field
-- 702 Fernwood Ave, Pleasantville, NJ 08232, USA
-- Rating: 4.5/5.0 (24 reviews)

-- Michael Debbi Park
-- 315 Cedar Ave, Richland, NJ 08350, USA
-- Rating: 4.6/5.0 (164 reviews)

-- Mays Landing Athletic Association
-- Underhill Park, Old Egg Harbor Rd, Mays Landing, NJ 08330, USA
-- Rating: 4.1/5.0 (57 reviews)

-- Hammonton Football Field
-- Hammonton, NJ 08037, USA
-- Rating: 5/5.0 (2 reviews)

-- Clarence Davies Sports Complex
-- 626 Goshen Rd, Cape May Court House, NJ 08210, USA
-- Rating: 4.4/5.0 (119 reviews)

-- The Sports Center
-- Stockton University, 101 Vera King Farris Dr, Galloway, NJ 08205, USA
-- Rating: 4.6/5.0 (82 reviews)

-- Atlantic FieldHouse
-- 3324 Bargaintown Rd, Egg Harbor Township, NJ 08234, USA
-- Rating: 5/5.0 (2 reviews)

-- Doc Cramer Soccer
-- Doc Cramer Blvd, Stafford Township, NJ 08050, USA
-- Rating: 3.9/5.0 (11 reviews)

-- Pop Lloyd Stadium
-- 1200 N Doctor M.L.K. Blvd, Atlantic City, NJ 08401, USA
-- Rating: 4.6/5.0 (14 reviews)

-- Tuckahoe Turf Farms
-- 401 N Myrtle St, Hammonton, NJ 08037, USA
-- Rating: 4.5/5.0 (179 reviews)

-- Amanda's Field
-- 10 N Sunset Dr, Woodbine, NJ 08270, USA
-- Rating: 4.7/5.0 (132 reviews)

-- South Jersey Field of Dreams
-- 1000 Morton Ave, Absecon, NJ 08201, USA
-- Rating: 4.9/5.0 (83 reviews)

-- Atlantic City Convention Center
-- 1 Convention Blvd, Atlantic City, NJ 08401, USA
-- Rating: 4.5/5.0 (2997 reviews)

-- Ocean City Sports & Civic Center
-- 500 Boardwalk, Ocean City, NJ 08226, USA
-- Rating: 4.8/5.0 (10 reviews)

-- DraftKings Sportsbook at Resorts
-- 1133 Boardwalk, Atlantic City, NJ 08401, USA
-- Rating: 4.1/5.0 (185 reviews)


-- Venues for harrisburg_-pa

-- Google Places Venues for Harrisburg, PA
-- Radius: 50000m (50.0km)
-- Generated: 2025-11-11T18:45:32.857Z

-- =============================================================================
-- GOOGLE PLACES VENUES - HARRISBURG, PA
-- =============================================================================
-- Fetched: 2025-11-11T18:45:57.530Z
-- Total venues: 59
-- =============================================================================

-- Manheim Township Athletic Complex
-- 2883 Weaver Rd, Lancaster, PA 17601, USA
-- Rating: 4.6/5.0 (88 reviews)

-- Rapho Community Park Soccer Field
-- 164 Shellyland Rd, Manheim, PA 17545, USA
-- Rating: 4.7/5.0 (36 reviews)

-- PA Classics Soccer Park
-- 1461 Lancaster Rd, Manheim, PA 17545, USA
-- Rating: 4.5/5.0 (164 reviews)

-- Hershey High School Soccer Field
-- 42-134 E Governor Rd, Hershey, PA 17033, USA
-- Rating: 4.3/5.0 (30 reviews)

-- Ridge Road Soccer Park
-- 500 Ridge Rd, Palmyra, PA 17078, USA
-- Rating: 4/5.0 (46 reviews)

-- Spring Grove Soccer Complex
-- 5689 York Rd, Spring Grove, PA 17362, USA
-- Rating: 4.1/5.0 (55 reviews)

-- Joe Carr Soccer Field 3
-- 1168 Boiling Springs Rd, Mechanicsburg, PA 17055, USA
-- Rating: 4.8/5.0 (14 reviews)

-- In The Net
-- 798 Airport Rd, Palmyra, PA 17078, USA
-- Rating: 4.2/5.0 (582 reviews)

-- Cedar Cliff HS Soccer Field/ Lowther Field
-- Lemoyne, PA 17043, USA
-- Rating: 4.9/5.0 (7 reviews)

-- Pucillo Field
-- Millersville, PA 17551, USA
-- Rating: 4.5/5.0 (55 reviews)

-- Tylus Field
-- Franklin & Marshall College, 1039 Harrisburg Ave, Lancaster, PA 17603, USA
-- Rating: 4.6/5.0 (26 reviews)

-- Rockledge Drive Fields
-- 1213 Rockledge Dr, Carlisle, PA 17015, USA
-- Rating: 4.2/5.0 (73 reviews)

-- Joe Carr Soccer Field 2
-- 1170-1194 Boiling Springs Rd, Mechanicsburg, PA 17055, USA
-- Rating: 4.4/5.0 (18 reviews)

-- Landis Field
-- 4600 Locust Ln, Harrisburg, PA 17109, USA
-- Rating: 4.5/5.0 (186 reviews)

-- Ridge Road Sports Complex
-- 500 Ridge Rd, Palmyra, PA 17078, USA
-- Rating: 4.4/5.0 (10 reviews)

-- Red Rose Arena
-- 3549 Hempland Rd D, Lancaster, PA 17601, USA
-- Rating: 4.2/5.0 (159 reviews)

-- Ivy Ridge Park
-- Harrisburg, PA 17104, USA
-- Rating: 4.3/5.0 (30 reviews)

-- Field 4
-- 5002, Hampden Park Dr, Mechanicsburg, PA 17050, USA
-- Rating: 5/5.0 (2 reviews)

-- Comet Field Park
-- Millersville Rd, Lancaster, PA 17603, USA
-- Rating: 4.4/5.0 (119 reviews)

-- Manheim Township Foundation Fields / Overlook Soccer Fields
-- 2254 Bassett Dr, Lancaster, PA 17601, USA
-- Rating: 4.8/5.0 (8 reviews)

-- Mayfield Park
-- 2600 Sedgewick Ave, Dover, PA 17315, USA
-- Rating: 4.2/5.0 (51 reviews)

-- Cumberland Valley Football Stadium
-- 6746 Carlisle Pike, Mechanicsburg, PA 17050, USA
-- Rating: 4.4/5.0 (106 reviews)

-- West Perry Football Field
-- 2608 Shermans Valley Rd, Elliottsburg, PA 17024, USA
-- Rating: 4.7/5.0 (40 reviews)

-- Shadek Stadium
-- 401 W Liberty St, Lancaster, PA 17603, USA
-- Rating: 4.6/5.0 (61 reviews)

-- Biemesderfer Stadium
-- 45 Pucillo Dr, Millersville, PA 17551, USA
-- Rating: 4.5/5.0 (159 reviews)

-- Soldiers and Sailors Memorial Park
-- 1 Memorial Park Dr, Mechanicsburg, PA 17055, USA
-- Rating: 4.5/5.0 (566 reviews)

-- Pine Grove Football Stadium
-- 57 Pleasant Valley Rd, Pine Grove, PA 17963, USA
-- Rating: 4.6/5.0 (25 reviews)

-- Henry Hershey Field
-- Brook Dr, Hershey, PA 17033, USA
-- Rating: 4.6/5.0 (89 reviews)

-- Falcon Fields
-- 403 E Main St, Hummelstown, PA 17036, USA
-- Rating: 4.2/5.0 (44 reviews)

-- Rocco Ortenzio Stadium
-- Harrisburg, PA 17111, USA
-- Rating: 4.3/5.0 (12 reviews)

-- Panthers Football Field
-- 98-24 S Fairlane Ave, Myerstown, PA 17067, USA
-- Rating: 4.8/5.0 (4 reviews)

-- Millersburg Athletic Field
-- 799 Center St, Millersburg, PA 17061, USA
-- Rating: 4.5/5.0 (22 reviews)

-- Horn Field
-- 235 Horace Mann Ave, Red Lion, PA 17356, USA
-- Rating: 4.4/5.0 (137 reviews)

-- Georgelis Law Firm Stadium
-- Hempfield, 340 Mumma Dr, Landisville, PA 17538, USA
-- Rating: 4.5/5.0 (103 reviews)

-- Spooky Nook LANCO
-- 1901 Miller Rd, East Petersburg, PA 17520, USA
-- Rating: 4.2/5.0 (309 reviews)

-- Yellow Breeches Sports Center
-- 700 Shawnee Ct, New Cumberland, PA 17070, USA
-- Rating: 4.4/5.0 (432 reviews)

-- Skyline Sports Complex
-- Harrisburg, PA 17101, USA
-- Rating: 4.7/5.0 (11 reviews)

-- Spooky Nook Sports
-- 75 Champ Blvd, Manheim, PA 17545, USA
-- Rating: 4.3/5.0 (3527 reviews)

-- Next Level Sports
-- 220 S 2nd St Suite C, Dillsburg, PA 17019, USA
-- Rating: 4.3/5.0 (11 reviews)

-- The Dome at Spooky Nook
-- 923 Spooky Nook Rd, Manheim, PA 17545, USA
-- Rating: 4.5/5.0 (63 reviews)

-- Bob Hoffman Sports Complex - Field Sertom
-- Vander Ave, York, PA 17403, USA
-- Rating: 4.2/5.0 (56 reviews)

-- The SpleX
-- 200 Lambs Gap Rd, Mechanicsburg, PA 17050, USA
-- Rating: 4.2/5.0 (11 reviews)

-- Stony Ridge Park
-- 50 Bernheisel Bridge Rd, Carlisle, PA 17015, USA
-- Rating: 4.5/5.0 (169 reviews)

-- Starry Athletic Fields Complex
-- 236 N Grantham Rd, Dillsburg, PA 17019, USA
-- Rating: 4.6/5.0 (148 reviews)

-- Capital Area Soccer Association
-- 5480 Linglestown Rd, Harrisburg, PA 17112, USA
-- Rating: 3.9/5.0 (48 reviews)

-- Tylus Field
-- Franklin & Marshall College, 1039 Harrisburg Ave, Lancaster, PA 17603, USA
-- Rating: 4.6/5.0 (26 reviews)

-- Manheim Township Athletic Complex
-- 2883 Weaver Rd, Lancaster, PA 17601, USA
-- Rating: 4.6/5.0 (88 reviews)

-- Red Rose Arena
-- 3549 Hempland Rd D, Lancaster, PA 17601, USA
-- Rating: 4.2/5.0 (159 reviews)

-- Penn Medicine Park
-- 650 N Prince St, Lancaster, PA 17603, USA
-- Rating: 4.6/5.0 (1991 reviews)

-- Warrior Stadium
-- 37 Lefever Street, Gettysburg, PA 17325, USA
-- Rating: 4.6/5.0 (145 reviews)

-- Skyline Sports Complex
-- Harrisburg, PA 17101, USA
-- Rating: 4.7/5.0 (11 reviews)

-- Big Spring High School Stadium
-- 43 Mt Rock Rd, Newville, PA 17241, USA
-- Rating: 4.9/5.0 (21 reviews)

-- Clark Field
-- 243 W Broadway, Gettysburg, PA 17325, USA
-- Rating: 4.4/5.0 (15 reviews)

-- York Catholic Stadium
-- 601 E Springettsbury Ave, York, PA 17403, USA
-- Rating: 4.4/5.0 (32 reviews)

-- Henry Hershey Field
-- Brook Dr, Hershey, PA 17033, USA
-- Rating: 4.6/5.0 (89 reviews)

-- Horn Field
-- 235 Horace Mann Ave, Red Lion, PA 17356, USA
-- Rating: 4.4/5.0 (137 reviews)

-- Eagle View Stadium
-- 6746 Carlisle Pike, Mechanicsburg, PA 17050, USA
-- Rating: 5/5.0 (9 reviews)

-- Northern Lebanon High School Stadium
-- 2441 US-22, Fredericksburg, PA 17026, USA
-- Rating: 4.6/5.0 (45 reviews)

-- Manheim Township Stadium
-- 100 Blue Streak Blvd, Lancaster, PA 17601, USA
-- Rating: 4.6/5.0 (8 reviews)


-- Venues for lancaster_-pa

-- Google Places Venues for Lancaster, PA
-- Radius: 50000m (50.0km)
-- Generated: 2025-11-11T18:45:59.743Z

-- =============================================================================
-- GOOGLE PLACES VENUES - LANCASTER, PA
-- =============================================================================
-- Fetched: 2025-11-11T18:46:21.012Z
-- Total venues: 54
-- =============================================================================

-- Zack Saint Memorial Fields
-- 7 Pennwood Dr, Morgantown, PA 19543, USA
-- Rating: 4.1/5.0 (38 reviews)

-- Wyomissing Quarry Soccer Fields Mccanny Cup
-- 2001 Old Wyomissing Rd, Wyomissing, PA 19610, USA
-- Rating: 4.3/5.0 (24 reviews)

-- Rapho Community Park Soccer Field
-- 164 Shellyland Rd, Manheim, PA 17545, USA
-- Rating: 4.7/5.0 (36 reviews)

-- Hershey High School Soccer Field
-- 42-134 E Governor Rd, Hershey, PA 17033, USA
-- Rating: 4.3/5.0 (30 reviews)

-- PA Classics Soccer Park
-- 1461 Lancaster Rd, Manheim, PA 17545, USA
-- Rating: 4.5/5.0 (164 reviews)

-- Ridge Road Soccer Park
-- 500 Ridge Rd, Palmyra, PA 17078, USA
-- Rating: 4/5.0 (46 reviews)

-- Spring Grove Soccer Complex
-- 5689 York Rd, Spring Grove, PA 17362, USA
-- Rating: 4.1/5.0 (55 reviews)

-- Embreeville Athletic Fields
-- 711 Ryan Blvd, West Chester, PA 19382, USA
-- Rating: 4/5.0 (32 reviews)

-- Manheim Township Athletic Complex
-- 2883 Weaver Rd, Lancaster, PA 17601, USA
-- Rating: 4.6/5.0 (88 reviews)

-- Cedar Cliff HS Soccer Field/ Lowther Field
-- Lemoyne, PA 17043, USA
-- Rating: 4.9/5.0 (7 reviews)

-- In The Net
-- 798 Airport Rd, Palmyra, PA 17078, USA
-- Rating: 4.2/5.0 (582 reviews)

-- United Sports
-- 1426 Marshallton Thorndale Rd, Downingtown, PA 19335, USA
-- Rating: 4.3/5.0 (610 reviews)

-- Tylus Field
-- Franklin & Marshall College, 1039 Harrisburg Ave, Lancaster, PA 17603, USA
-- Rating: 4.6/5.0 (26 reviews)

-- Pucillo Field
-- Millersville, PA 17551, USA
-- Rating: 4.5/5.0 (55 reviews)

-- McCaskey Freshman Soccer Field
-- Lancaster, PA 17602, USA
-- Rating: 3.9/5.0 (24 reviews)

-- Rotary Park
-- 6 List Rd, Reading, PA 19606, USA
-- Rating: 4.3/5.0 (26 reviews)

-- Ultimate Athletic Complex
-- 1592 Wyomissing Rd, Mohnton, PA 19540, USA
-- Rating: 4.1/5.0 (28 reviews)

-- Manheim Township Foundation Fields / Overlook Soccer Fields
-- 2254 Bassett Dr, Lancaster, PA 17601, USA
-- Rating: 4.8/5.0 (8 reviews)

-- Trout Run Sports Complex
-- 950 W Neversink Rd, Reading, PA 19606, USA
-- Rating: 4.2/5.0 (65 reviews)

-- USTC Field 3A
-- 1426 Marshallton Thorndale Rd, West Bradford Township, PA 19335, USA
-- Rating: 4.5/5.0 (114 reviews)

-- Mayfield Park
-- 2600 Sedgewick Ave, Dover, PA 17315, USA
-- Rating: 4.2/5.0 (51 reviews)

-- Delaware Stadium
-- 625 S College Ave, Newark, DE 19713, USA
-- Rating: 4.6/5.0 (591 reviews)

-- Henry Hershey Field
-- Brook Dr, Hershey, PA 17033, USA
-- Rating: 4.6/5.0 (89 reviews)

-- Landis Field
-- 4600 Locust Ln, Harrisburg, PA 17109, USA
-- Rating: 4.5/5.0 (186 reviews)

-- Muhlenberg Football Stadium
-- 715 E Bellevue Ave, Laureldale, PA 19605, USA
-- Rating: 4.7/5.0 (12 reviews)

-- John Gurski Stadium
-- 2601 Grandview Blvd, Reading, PA 19609, USA
-- Rating: 4.5/5.0 (79 reviews)

-- Biemesderfer Stadium
-- 45 Pucillo Dr, Millersville, PA 17551, USA
-- Rating: 4.5/5.0 (159 reviews)

-- Shelley Park
-- 420 Cassel Rd, Manchester, PA 17345, USA
-- Rating: 4.6/5.0 (171 reviews)

-- Shadek Stadium
-- 401 W Liberty St, Lancaster, PA 17603, USA
-- Rating: 4.6/5.0 (61 reviews)

-- Falcon Fields
-- 403 E Main St, Hummelstown, PA 17036, USA
-- Rating: 4.2/5.0 (44 reviews)

-- Rocco Ortenzio Stadium
-- Harrisburg, PA 17111, USA
-- Rating: 4.3/5.0 (12 reviews)

-- Gene L Shirk Stadium
-- Reading, PA 19604, USA
-- Rating: 4.8/5.0 (92 reviews)

-- Wyomissing Football Field
-- Evans Ave, Wyomissing, PA 19610, USA
-- Rating: 4/5.0 (69 reviews)

-- Koons Park
-- 6030 Larue St, Linglestown, PA 17112, USA
-- Rating: 4.5/5.0 (681 reviews)

-- Daniel Boone High School Football Stadium
-- 673 Chestnut St, Douglassville, PA 19518, USA
-- Rating: 4.7/5.0 (16 reviews)

-- Kennard-Dale HS Stadium
-- 235 Thompson Rd, Fawn Grove, PA 17321, USA
-- Rating: 4.8/5.0 (27 reviews)

-- Academy Sports Complex
-- 3527 Lincoln Hwy, Thorndale, PA 19372, USA
-- Rating: 4.8/5.0 (29 reviews)

-- Ridge Road Sports Complex
-- 500 Ridge Rd, Palmyra, PA 17078, USA
-- Rating: 4.4/5.0 (10 reviews)

-- Yellow Breeches Sports Center
-- 700 Shawnee Ct, New Cumberland, PA 17070, USA
-- Rating: 4.4/5.0 (432 reviews)

-- Amity AC Lower Fields (Field 6)
-- 55 Amity Park Rd, Birdsboro, PA 19508, USA
-- Rating: 4.6/5.0 (19 reviews)

-- Exeter Fieldhouse
-- 4401 Perkiomen Ave, Reading, PA 19606, USA
-- Rating: 4.4/5.0 (53 reviews)

-- TT Sports Complex, LLC
-- 2419 Whiteford Rd Building J, Whiteford, MD 21160, USA
-- Rating: 4/5.0 (10 reviews)

-- Skyline Sports Complex
-- Harrisburg, PA 17101, USA
-- Rating: 4.7/5.0 (11 reviews)

-- Spooky Nook LANCO
-- 1901 Miller Rd, East Petersburg, PA 17520, USA
-- Rating: 4.2/5.0 (309 reviews)

-- Spooky Nook Sports
-- 75 Champ Blvd, Manheim, PA 17545, USA
-- Rating: 4.3/5.0 (3527 reviews)

-- Athletes Edge of Berks
-- 2816 Old Pricetown Rd, Temple, PA 19560, USA
-- Rating: 4.5/5.0 (90 reviews)

-- Cecil Sports Complex
-- 110 Bard Cameron Rd, Rising Sun, MD 21911, USA
-- Rating: 4.8/5.0 (17 reviews)

-- Big Show Sports
-- 1098 County Welfare Rd, Leesport, PA 19533, USA
-- Rating: 3.9/5.0 (58 reviews)

-- Stuart & Suzanne Grant Stadium
-- Newark, DE 19713, USA
-- Rating: 4.6/5.0 (11 reviews)

-- Papermakers Stadium
-- Roths Church Rd, Spring Grove, PA 17362, USA
-- Rating: 4.5/5.0 (103 reviews)

-- Red Rose Arena
-- 3549 Hempland Rd D, Lancaster, PA 17601, USA
-- Rating: 4.2/5.0 (159 reviews)

-- Penn Medicine Park
-- 650 N Prince St, Lancaster, PA 17603, USA
-- Rating: 4.6/5.0 (1991 reviews)

-- Alvernia University Turf Field
-- Laverna Dr, Reading, PA 19607, USA
-- Rating: 4.8/5.0 (12 reviews)

-- Walter E. Kottmeyer Stadium
-- Campbell Dr, Downingtown, PA 19335, USA
-- Rating: 4.6/5.0 (85 reviews)


-- Venues for reading_-pa

-- Google Places Venues for Reading, PA
-- Radius: 50000m (50.0km)
-- Generated: 2025-11-11T18:44:18.183Z

-- =============================================================================
-- GOOGLE PLACES VENUES - READING, PA
-- =============================================================================
-- Fetched: 2025-11-11T18:44:41.675Z
-- Total venues: 56
-- =============================================================================

-- Lehigh County Sports Fields
-- Allentown, PA 18104, USA
-- Rating: 4.5/5.0 (318 reviews)

-- Villanova Soccer Camps
-- North Rd, Villanova, PA 19085, USA
-- Rating: 4.6/5.0 (34 reviews)

-- Allen Township Savage Road
-- 838-882 Savage Rd, Northampton, PA 18067, USA
-- Rating: 4.5/5.0 (38 reviews)

-- Zack Saint Memorial Fields
-- 7 Pennwood Dr, Morgantown, PA 19543, USA
-- Rating: 4.1/5.0 (38 reviews)

-- West-Mont United Soccer Association HillTop Soccer Complex
-- 560 Royersford Rd, Royersford, PA 19468, USA
-- Rating: 4.3/5.0 (191 reviews)

-- Rapho Community Park Soccer Field
-- 164 Shellyland Rd, Manheim, PA 17545, USA
-- Rating: 4.7/5.0 (36 reviews)

-- Wyomissing Quarry Soccer Fields Mccanny Cup
-- 2001 Old Wyomissing Rd, Wyomissing, PA 19610, USA
-- Rating: 4.3/5.0 (24 reviews)

-- PA Classics Soccer Park
-- 1461 Lancaster Rd, Manheim, PA 17545, USA
-- Rating: 4.5/5.0 (164 reviews)

-- Glasser Field
-- Stefko Blvd & E Market St, Minsi Trail Bridge, Bethlehem, PA 18018, USA
-- Rating: 4.3/5.0 (24 reviews)

-- lower oakbourne soccer field
-- 500 E Pleasant Grove Rd, West Chester, PA 19382, USA
-- Rating: 4.7/5.0 (3 reviews)

-- Haverford Reserve Grass Fields
-- 9004 Parkview Dr, Haverford, PA 19041, USA
-- Rating: 4.7/5.0 (10 reviews)

-- Springridge Soccer Park & Lower Macungie Greenway Trailhead.
-- 5582 Spring Ridge Dr W, Macungie, PA 18062, USA
-- Rating: 4.1/5.0 (15 reviews)

-- Embreeville Athletic Fields
-- 711 Ryan Blvd, West Chester, PA 19382, USA
-- Rating: 4/5.0 (32 reviews)

-- Lou Ramos Center
-- 1344 N Sherman St, Allentown, PA 18109, USA
-- Rating: 4.4/5.0 (155 reviews)

-- Greater Chester Valley Sports Association
-- 137 Line Rd, Malvern, PA 19355, USA
-- Rating: 4.4/5.0 (55 reviews)

-- WCUSC Thornbury Soccer Park
-- 1200 Westtown Rd, West Chester, PA 19382, USA
-- Rating: 4.3/5.0 (68 reviews)

-- United Sports
-- 1426 Marshallton Thorndale Rd, Downingtown, PA 19335, USA
-- Rating: 4.3/5.0 (610 reviews)

-- Olson Field
-- 1300 Eagle Rd, Wayne, PA 19087, USA
-- Rating: 4.7/5.0 (34 reviews)

-- Trout Run Sports Complex
-- 950 W Neversink Rd, Reading, PA 19606, USA
-- Rating: 4.2/5.0 (65 reviews)

-- Next Level Indoor Sports
-- 50 Senn Dr, Chester Springs, PA 19425, USA
-- Rating: 4.7/5.0 (35 reviews)

-- Manheim Township Athletic Complex
-- 2883 Weaver Rd, Lancaster, PA 17601, USA
-- Rating: 4.6/5.0 (88 reviews)

-- BASD Stadium
-- 1115 Linden St, Bethlehem, PA 18018, USA
-- Rating: 4.6/5.0 (205 reviews)

-- Villanova Stadium
-- 800 E. Lancaster Ave, Villanova, PA 19085, USA
-- Rating: 4.5/5.0 (250 reviews)

-- Goodman Stadium
-- 150 Goodman Dr, Bethlehem, PA 18015, USA
-- Rating: 4.6/5.0 (308 reviews)

-- J. Birney Crum Stadium
-- 2027 Linden St, Allentown, PA 18104, USA
-- Rating: 4.3/5.0 (666 reviews)

-- Biemesderfer Stadium
-- 45 Pucillo Dr, Millersville, PA 17551, USA
-- Rating: 4.5/5.0 (159 reviews)

-- Shadek Stadium
-- 401 W Liberty St, Lancaster, PA 17603, USA
-- Rating: 4.6/5.0 (61 reviews)

-- Teamer Field
-- 945 Conestoga Rd, Berwyn, PA 19312, USA
-- Rating: 4.6/5.0 (39 reviews)

-- Walter E. Kottmeyer Stadium
-- Campbell Dr, Downingtown, PA 19335, USA
-- Rating: 4.6/5.0 (85 reviews)

-- Scotty Wood Stadium
-- Plant Operations Building, Allentown, PA 18104, USA
-- Rating: 4.6/5.0 (23 reviews)

-- Farrell Stadium
-- 855 S New St, West Chester, PA 19383, USA
-- Rating: 4.4/5.0 (197 reviews)

-- Pottsville Rotary Little League Field
-- 2000 Mahantongo St, Pottsville, PA 17901, USA
-- Rating: 4.3/5.0 (54 reviews)

-- Lehigh Valley Sports Turf
-- 7035 Schantz Rd Suite #200, Allentown, PA 18106, USA
-- Rating: 4.9/5.0 (86 reviews)

-- All Sports Center
-- 1511 W Main St, Collegeville, PA 19426, USA
-- Rating: 4.3/5.0 (106 reviews)

-- Academy Sports Complex
-- 3527 Lincoln Hwy, Thorndale, PA 19372, USA
-- Rating: 4.8/5.0 (29 reviews)

-- Quakertown Sports Complex
-- Quakertown, PA 18951, USA
-- Rating: 4.7/5.0 (32 reviews)

-- YSC Sports
-- 224 County Line Rd, Wayne, PA 19087, USA
-- Rating: 4.5/5.0 (450 reviews)

-- 422 Sportsplex
-- 1400 Industrial Hwy #3228, Pottstown, PA 19464, USA
-- Rating: 4/5.0 (408 reviews)

-- Steelyard Sports Indoor/Outdoor Sports Complex
-- 538 Swedeland Rd, King of Prussia, PA 19406, USA
-- Rating: 4.4/5.0 (58 reviews)

-- The Far Post
-- 190 Airport Rd, Pottstown, PA 19464, USA
-- Rating: 4.6/5.0 (85 reviews)

-- Ultimate Athletic Complex
-- 1592 Wyomissing Rd, Mohnton, PA 19540, USA
-- Rating: 4.1/5.0 (28 reviews)

-- Line Rd Sports Complex
-- 137 Line Rd, Malvern, PA 19355, USA
-- Rating: 3.9/5.0 (15 reviews)

-- Spooky Nook LANCO
-- 1901 Miller Rd, East Petersburg, PA 17520, USA
-- Rating: 4.2/5.0 (309 reviews)

-- Amity AC Lower Fields (Field 6)
-- 55 Amity Park Rd, Birdsboro, PA 19508, USA
-- Rating: 4.6/5.0 (19 reviews)

-- Exeter Fieldhouse
-- 4401 Perkiomen Ave, Reading, PA 19606, USA
-- Rating: 4.4/5.0 (53 reviews)

-- St.Luke's Sports Center [Fieldhouse]
-- 3321 7th St, Hokendauqua, PA 18052, USA
-- Rating: 4.6/5.0 (27 reviews)

-- Spooky Nook Sports
-- 75 Champ Blvd, Manheim, PA 17545, USA
-- Rating: 4.3/5.0 (3527 reviews)

-- Viking Stadium
-- King of Prussia, PA 19406, USA
-- Rating: 4.8/5.0 (20 reviews)

-- Gene L Shirk Stadium
-- Reading, PA 19604, USA
-- Rating: 4.8/5.0 (92 reviews)

-- John Gurski Stadium
-- 2601 Grandview Blvd, Reading, PA 19609, USA
-- Rating: 4.5/5.0 (79 reviews)

-- Draper Walsh Stadium
-- Malvern, PA 19355, USA
-- Rating: 4.3/5.0 (15 reviews)

-- Tylus Field
-- Franklin & Marshall College, 1039 Harrisburg Ave, Lancaster, PA 17603, USA
-- Rating: 4.6/5.0 (26 reviews)

-- Pucillo Field
-- Millersville, PA 17551, USA
-- Rating: 4.5/5.0 (55 reviews)

-- Penn Medicine Park
-- 650 N Prince St, Lancaster, PA 17603, USA
-- Rating: 4.6/5.0 (1991 reviews)

-- Red Rose Arena
-- 3549 Hempland Rd D, Lancaster, PA 17601, USA
-- Rating: 4.2/5.0 (159 reviews)

-- EPSD Stadium
-- Emmaus, PA 18049, USA
-- Rating: 4.8/5.0 (32 reviews)


-- Venues for scranton_-pa

-- Google Places Venues for Scranton, PA
-- Radius: 50000m (50.0km)
-- Generated: 2025-11-11T18:45:09.759Z

-- =============================================================================
-- GOOGLE PLACES VENUES - SCRANTON, PA
-- =============================================================================
-- Fetched: 2025-11-11T18:45:30.665Z
-- Total venues: 49
-- =============================================================================

-- Forty Fort Soccer Club Fields
-- Camryn Wy, Forty Fort, PA 18704, USA
-- Rating: 4.5/5.0 (62 reviews)

-- Soccer Fields @ Lions Memorial Park
-- 471 S Main St, Pittston, PA 18640, USA
-- Rating: 4.4/5.0 (60 reviews)

-- Forty Fort Borough Sports Complex
-- 1000 Camryn Wy, Forty Fort, PA 18704, USA
-- Rating: 4.7/5.0 (36 reviews)

-- Back Mountain Youth Soccer Field
-- 55 Outlet Rd, Dallas, PA 18612, USA
-- Rating: 4.5/5.0 (46 reviews)

-- Forty Fort Borough Sports Complex, Field #22
-- Forty Fort, PA 18704, USA
-- Rating: 4.3/5.0 (29 reviews)

-- Skyhawks Soccer Fields
-- 200-220 Gordon Ave, Wilkes-Barre, PA 18702, USA
-- Rating: 4.4/5.0 (16 reviews)

-- Berwick AYSO Soccer Fields
-- Fowler Ave, Berwick, PA 18603, USA
-- Rating: 4.4/5.0 (36 reviews)

-- Dorrance Soccer Fields
-- 3498 St Marys Rd #3448, Wapwallopen, PA 18660, USA
-- Rating: 3.9/5.0 (22 reviews)

-- Rt 29 Sports Complex
-- S Preston Dr, Wilkes-Barre, PA 18706, USA
-- Rating: 4.4/5.0 (23 reviews)

-- The Pit Soccer Field
-- Wilkes-Barre, PA 18705, USA
-- Rating: 4.1/5.0 (11 reviews)

-- Weston Field
-- 982 Providence Rd, Scranton, PA 18508, USA
-- Rating: 4.2/5.0 (222 reviews)

-- Riverfront Sports
-- 5 W Olive St, Scranton, PA 18508, USA
-- Rating: 4.3/5.0 (92 reviews)

-- Tobyhanna Multipurpose Field
-- 1790 Church St, Tobyhanna, PA 18466, USA
-- Rating: 4.9/5.0 (7 reviews)

-- Wanamie Soccer Field
-- 1077-1081 W Main St, Nanticoke, PA 18634, USA
-- Rating: 4.1/5.0 (15 reviews)

-- MYSA Soccerplex
-- 82 S Church Rd, Mountain Top, PA 18707, USA
-- Rating: 4.3/5.0 (45 reviews)

-- George Ralston Field
-- 160 Market St, Wilkes-Barre, PA 18704, USA
-- Rating: 4.5/5.0 (435 reviews)

-- Golden Park
-- 245 Maple St, Moscow, PA 18444, USA
-- Rating: 4.5/5.0 (55 reviews)

-- Parsons Raymond D. Evans Football Field
-- 1091 Scott St, Wilkes-Barre, PA 18705, USA
-- Rating: 4.4/5.0 (82 reviews)

-- Friedman JCC Soccer Fields
-- Kingston, PA 18704, USA
-- Rating: 3.7/5.0 (11 reviews)

-- Pittston Mini Football field
-- 90 Swallow St, Pittston, PA 18640, USA
-- Rating: 4.3/5.0 (32 reviews)

-- Old Forge High School Veterans Memorial Stadium
-- 301 1st St, Old Forge, PA 18518, USA
-- Rating: 4.1/5.0 (82 reviews)

-- Wyoming West Pittston Area Warriors Football Stadium (Part 01)
-- Boston Ave, West Pittston, PA 18643, USA
-- Rating: 5/5.0 (2 reviews)

-- Duryea Wildcats Football
-- Foote Ave, Duryea, PA 18642, USA
-- Rating: 4.6/5.0 (26 reviews)

-- Wyoming Valley West Kingston Spartans Stadium
-- 165 N Gates Ave, Kingston, PA 18704, USA
-- Rating: 4.2/5.0 (75 reviews)

-- North Pocono Trojan Stadium
-- 701 Church St, Moscow, PA 18444, USA
-- Rating: 4.5/5.0 (97 reviews)

-- East Stroudsburg South Memorial Stadium
-- 196 Elizabeth St, East Stroudsburg, PA 18301, USA
-- Rating: 4.8/5.0 (37 reviews)

-- Jake Sobeski Stadium: Wyoming Area Warriors Football (Part 03)
-- 2-198 Boston Ave, West Pittston, PA 18643, USA
-- Rating: 4.5/5.0 (84 reviews)

-- Mountaineer Stadium
-- 2026 Conyngham Ave, Dallas, PA 18612, USA
-- Rating: 4.2/5.0 (22 reviews)

-- Crestwood Stadium
-- Mountain Top, PA 18707, USA
-- Rating: 4.4/5.0 (14 reviews)

-- Abington Heights Football Stadium
-- 373 Linden St, Clarks Summit, PA 18411, USA
-- Rating: 5/5.0 (1 reviews)

-- Wallenpaupack Area School District Football Field & Track
-- 2552 US-6, Hawley, PA 18428, USA
-- Rating: 4.6/5.0 (89 reviews)

-- Valor Field AT Veterans Memorial Stadium
-- 816 Providence Rd, Scranton, PA 18508, USA
-- Rating: 4.4/5.0 (173 reviews)

-- Wyoming-West Wyoming Little Charles Flack Field
-- Colonial Dr, Wyoming, PA 18644, USA
-- Rating: 4.8/5.0 (9 reviews)

-- The Dome Sportsplex
-- 131 Bear Creek Blvd, Wilkes-Barre, PA 18702, USA
-- Rating: 3.8/5.0 (204 reviews)

-- SouthSide Sports Complex
-- Scranton, PA 18505, USA
-- Rating: 4.4/5.0 (9 reviews)

-- Jessup Youth Sports Association Field
-- 1 Moosic Lake Rd, Jessup, PA 18434, USA
-- Rating: 4.3/5.0 (75 reviews)

-- King's College Athletic Fields
-- 101 Highland Park Blvd, Wilkes-Barre Township, PA 18702, USA
-- Rating: 4.7/5.0 (17 reviews)

-- Schautz Stadium
-- 1220 Prescott Ave, Dunmore, PA 18510, USA
-- Rating: 4.5/5.0 (49 reviews)

-- Locust Ridge Athletic Fields
-- 1385 Slutter Rd, Pocono Lake, PA 18347, USA
-- Rating: 4.7/5.0 (7 reviews)

-- Scott Kinzinger Sports Complex
-- 525 Grove St, Honesdale, PA 18431, USA
-- Rating: 4.1/5.0 (14 reviews)

-- Archbald Sports Complex
-- Archbald, PA 18403, USA
-- Rating: 4.1/5.0 (41 reviews)

-- Schmidt Stadium - Wilkes University
-- 302 Northampton St, Edwardsville, PA 18704, USA
-- Rating: 4.5/5.0 (22 reviews)

-- Charlie Trippi Stadium
-- 5 Stout St, Yatesville, PA 18640, USA
-- Rating: 4.6/5.0 (26 reviews)

-- U of Scranton - Weiss Field
-- 100 Broadway St, Scranton, PA 18505, USA
-- Rating: 4.8/5.0 (14 reviews)

-- Nesbitt Stadium
-- 101 W Hoyt St, Kingston, PA 18704, USA
-- Rating: 5/5.0 (2 reviews)

-- Dunmore Veterans Memorial Stadium
-- Dunmore, PA 18509, USA
-- Rating: 4.5/5.0 (25 reviews)

-- Misericordia University Mangelsdorf Field
-- 301 Lake Street, Dallas, PA 18612, USA
-- Rating: 4.4/5.0 (31 reviews)

-- Lewis and Miller Memorial Stadium
-- 243 Thorne Hill Rd, Shickshinny, PA 18655, USA
-- Rating: 4.5/5.0 (15 reviews)

-- Gregory-Douds Field at Eiler-Martin Stadium
-- East Stroudsburg, PA 18301, USA
-- Rating: 3/5.0 (2 reviews)


-- Venues for trenton_-nj

-- Google Places Venues for Trenton, NJ
-- Radius: 50000m (50.0km)
-- Generated: 2025-11-11T18:47:11.804Z

-- =============================================================================
-- GOOGLE PLACES VENUES - TRENTON, NJ
-- =============================================================================
-- Fetched: 2025-11-11T18:47:39.173Z
-- Total venues: 69
-- =============================================================================

-- Owl Hollow Soccer Fields
-- 440 Arthur Kill Rd, Staten Island, NY 10312, USA
-- Rating: 4.6/5.0 (507 reviews)

-- Sofive Soccer Centers Elkins Park
-- 46 Church Rd, Elkins Park, PA 19027, USA
-- Rating: 4.6/5.0 (774 reviews)

-- Voorhees Echelon Soccer Fields
-- 255 Echelon Rd, Voorhees Township, NJ 08043, USA
-- Rating: 4.7/5.0 (75 reviews)

-- O'Brien Field
-- 200 S 7th St, Elizabeth, NJ 07202, USA
-- Rating: 4.3/5.0 (204 reviews)

-- Sayreville Sports Complex
-- 4441 Bordentown Ave, Sayreville, NJ 08872, USA
-- Rating: 4.6/5.0 (143 reviews)

-- Wheeler Park Turf Field
-- 234 W Stimpson Ave, Linden, NJ 07036, USA
-- Rating: 4.4/5.0 (60 reviews)

-- Geasey Field
-- 1890 N 15th St, Philadelphia, PA 19121, USA
-- Rating: 4.5/5.0 (37 reviews)

-- West End Soccer Fields
-- 45 Scotch Rd, Ewing Township, NJ 08628, USA
-- Rating: 4.1/5.0 (26 reviews)

-- Warinanco Turf Field
-- 718 Elm St, Roselle, NJ 07203, USA
-- Rating: 4.7/5.0 (582 reviews)

-- Starfinder Foundation
-- 4015 Main St, Philadelphia, PA 19127, USA
-- Rating: 4.9/5.0 (32 reviews)

-- Southside Field
-- 1910 Raritan Rd, Scotch Plains, NJ 07076, USA
-- Rating: 4.4/5.0 (71 reviews)

-- John Street Soccer Park
-- John St, Carteret, NJ 07008, USA
-- Rating: 4.4/5.0 (37 reviews)

-- East County Reserve / Park Turf Field
-- 101 Old Stirling Rd, Warren, NJ 07059, USA
-- Rating: 4.6/5.0 (37 reviews)

-- Twin Pines Recreation Area
-- 250 Lawrenceville - Pennington Rd, Pennington, NJ 08534, USA
-- Rating: 4.4/5.0 (110 reviews)

-- Bloomingdale Park Soccer Field #1
-- 149-325 Maguire Ave, Staten Island, NY 10309, USA
-- Rating: 4.6/5.0 (28 reviews)

-- Lumberton Municipal Soccer Fields
-- Main St, Lumberton Township, NJ 08048, USA
-- Rating: 4.1/5.0 (83 reviews)

-- Monroe Soccer Complex Msc1
-- 1601 Perrineville Rd, Monroe Township, NJ 08831, USA
-- Rating: 4.7/5.0 (37 reviews)

-- Select Soccer Center
-- 223 Keith Valley Rd, Horsham, PA 19044, USA
-- Rating: 4.7/5.0 (63 reviews)

-- Oak Park Complex
-- Oak Ave, Toms River, NJ 08753, USA
-- Rating: 4.5/5.0 (38 reviews)

-- Decou Soccer Field
-- Cherry Hill Township, NJ 08003, USA
-- Rating: 4.6/5.0 (10 reviews)

-- 69th Street Recreation Area
-- 555 S 69th St, Upper Darby Township, PA 19082, USA
-- Rating: 4.4/5.0 (108 reviews)

-- Lombardi Field
-- 3439 County Rd 516, Old Bridge, NJ 08857, USA
-- Rating: 4.5/5.0 (228 reviews)

-- Sweeney Field
-- 5600 City Ave, Philadelphia, PA 19131, USA
-- Rating: 4.5/5.0 (188 reviews)

-- Heavenly Farms Park Turf A
-- East Brunswick, NJ 08816, USA
-- Rating: 4.4/5.0 (27 reviews)

-- Eastern Junior Vikings Foulke Field House
-- 1000 Victor Blvd, Voorhees Township, NJ 08043, USA
-- Rating: 4.9/5.0 (7 reviews)

-- Woodbury Football Field
-- 435 E Red Bank Ave, Woodbury, NJ 08096, USA
-- Rating: 4.3/5.0 (26 reviews)

-- Lighthouse Field
-- Roosevelt Blvd &, 2686 Southampton Rd, Philadelphia, PA 19116, USA
-- Rating: 4.2/5.0 (50 reviews)

-- Bound Brook High School Athletic Field
-- 279-341 Crusader Way, Bound Brook, NJ 08805, USA
-- Rating: 4.5/5.0 (121 reviews)

-- Campo Amistad
-- 2314 Carman St, Camden, NJ 08105, USA
-- Rating: 4.5/5.0 (58 reviews)

-- Westfield Football Field
-- 750 Rahway Ave, Westfield, NJ 07090, USA
-- Rating: 4/5.0 (13 reviews)

-- Friendship Field - Bordentown FC
-- 455 Ward Ave, Chesterfield, NJ 08515, USA
-- Rating: 4.2/5.0 (171 reviews)

-- Rowland Park-Field
-- 235 Broadway Rd, Cranbury, NJ 08512, USA
-- Rating: 4.6/5.0 (264 reviews)

-- Hidden Acres Township Park
-- 280 Jessups Mill Rd, Clarksboro, NJ 08020, USA
-- Rating: 4.3/5.0 (51 reviews)

-- Hillsborough Football/Lacrosse Complex
-- Triangle Rd, Hillsborough Township, NJ 08844, USA
-- Rating: 4.2/5.0 (37 reviews)

-- Lincoln Financial Field
-- One Lincoln Financial Field Way, Philadelphia, PA 19148, USA
-- Rating: 4.6/5.0 (13789 reviews)

-- SHI Stadium
-- Rutgers Football Stadium, 1 Scarlet Knight Way Shi, Piscataway, NJ 08854, USA
-- Rating: 4.5/5.0 (1450 reviews)

-- Bartell Field
-- 80 Bartell Pl, Clark, NJ 07066, USA
-- Rating: 4.3/5.0 (86 reviews)

-- SportsPlex at Metuchen
-- 215 Durham Ave, Metuchen, NJ 08840, USA
-- Rating: 4.2/5.0 (718 reviews)

-- XL Sports World Mt. Laurel
-- 1 Hovtech Blvd, Mt Laurel Township, NJ 08054, USA
-- Rating: 4.1/5.0 (421 reviews)

-- Westampton Sports Complex
-- 301 Bridge St, Westampton Township, NJ 08060, USA
-- Rating: 4.4/5.0 (264 reviews)

-- Branchburg Sports Complex
-- 47 Readington Rd, Branchburg, NJ 08876, USA
-- Rating: 4.5/5.0 (843 reviews)

-- The Proving Grounds
-- 725 Conshohocken Rd, Conshohocken, PA 19428, USA
-- Rating: 4.7/5.0 (321 reviews)

-- The Fields Sports Complex
-- 8 Cornwall Ct, East Brunswick, NJ 08816, USA
-- Rating: 4.2/5.0 (180 reviews)

-- Sofive Soccer Centers Hatfield (XL Sports World)
-- 2278 N Penn Rd, Hatfield, PA 19440, USA
-- Rating: 4.3/5.0 (241 reviews)

-- John F. Patrick Sports Complex
-- Vine Ave, Lakewood, NJ 08701, USA
-- Rating: 4.3/5.0 (161 reviews)

-- XL Sports World Cherry Hill
-- 650 Kresson Rd, Cherry Hill Township, NJ 08034, USA
-- Rating: 4.3/5.0 (533 reviews)

-- Memorial Sports Complex Athletic Field
-- 1004 Tuckerton Rd, Evesham, NJ 08053, USA
-- Rating: 4.6/5.0 (248 reviews)

-- Metuchen Sports Center
-- 302 High St, Metuchen, NJ 08840, USA
-- Rating: 4.8/5.0 (127 reviews)

-- Memorial Sports Complex
-- 1040 Tuckerton Rd, Evesham, NJ 08053, USA
-- Rating: 4.3/5.0 (40 reviews)

-- Quakertown Sports Complex
-- Quakertown, PA 18951, USA
-- Rating: 4.7/5.0 (32 reviews)

-- RVRHS Sports Complex
-- 1 Mill Creek Rd, Eastampton Township, NJ 08060, USA
-- Rating: 4.6/5.0 (40 reviews)

-- South Avenue Sports Complex
-- 283-299 W South Ave, Glenolden, PA 19036, USA
-- Rating: 4.2/5.0 (104 reviews)

-- Phield House
-- 814 Spring Garden St, Philadelphia, PA 19123, USA
-- Rating: 4.6/5.0 (213 reviews)

-- Performance Sports Center
-- 6 Dickerson Rd, Hillsborough Township, NJ 08844, USA
-- Rating: 4.6/5.0 (11 reviews)

-- Washington Township Soccer County House Complex
-- County House Rd, Sewell, NJ 08080, USA
-- Rating: 4.4/5.0 (51 reviews)

-- Waters Stadium
-- 300 Eagle Ave, Perth Amboy, NJ 08861, USA
-- Rating: 4.4/5.0 (109 reviews)

-- South Philadelphia Super Site
-- 2926-2968 S 10th St, Philadelphia, PA 19148, USA
-- Rating: 4.3/5.0 (204 reviews)

-- Yurcak Field
-- Piscataway, NJ 08854, USA
-- Rating: 4.6/5.0 (127 reviews)

-- Roberts Stadium
-- Princeton, NJ 08540, USA
-- Rating: 4.8/5.0 (38 reviews)

-- MCCC Soccer Stadium
-- Mercer County Community College - Student Center and Library, 1200 Old Trenton Rd, West Windsor Township, NJ 08550, USA
-- Rating: 4.7/5.0 (19 reviews)

-- McCarthy Stadium
-- 1900 W Olney Ave, Philadelphia, PA 19141, USA
-- Rating: 4.2/5.0 (40 reviews)

-- Marcus Foster Memorial Stadium
-- 1600 Staub St, Philadelphia, PA 19140, USA
-- Rating: 4.3/5.0 (357 reviews)

-- Memorial Stadium
-- Joyce Kilmer Ave, New Brunswick, NJ 08901, USA
-- Rating: 4.4/5.0 (166 reviews)

-- Princeton Stadium
-- Princeton, NJ 08540, USA
-- Rating: 4.7/5.0 (252 reviews)

-- Villanova Stadium
-- 800 E. Lancaster Ave, Villanova, PA 19085, USA
-- Rating: 4.5/5.0 (250 reviews)

-- Gary Kehler Football Stadium
-- 751 Rahway Ave, Westfield, NJ 07090, USA
-- Rating: 4.4/5.0 (70 reviews)

-- Villanova Soccer Camps
-- North Rd, Villanova, PA 19085, USA
-- Rating: 4.6/5.0 (34 reviews)

-- Benjamin L Johnston Memorial Stadium
-- 1199 E Sedgwick St, Philadelphia, PA 19150, USA
-- Rating: 4.5/5.0 (96 reviews)

-- Crawford Stadium
-- 1340 Sumneytown Pike, Lansdale, PA 19446, USA
-- Rating: 4.8/5.0 (49 reviews)


-- Venues for wilmington_-de

-- Google Places Venues for Wilmington, DE
-- Radius: 50000m (50.0km)
-- Generated: 2025-11-11T18:46:23.209Z

-- =============================================================================
-- GOOGLE PLACES VENUES - WILMINGTON, DE
-- =============================================================================
-- Fetched: 2025-11-11T18:46:48.754Z
-- Total venues: 64
-- =============================================================================

-- Sofive Soccer Centers Elkins Park
-- 46 Church Rd, Elkins Park, PA 19027, USA
-- Rating: 4.6/5.0 (774 reviews)

-- Voorhees Echelon Soccer Fields
-- 255 Echelon Rd, Voorhees Township, NJ 08043, USA
-- Rating: 4.7/5.0 (75 reviews)

-- Chesland Soccer Complex
-- 401 Elk Forest Rd, Elkton, MD 21921, USA
-- Rating: 4.3/5.0 (94 reviews)

-- Villanova Soccer Camps
-- North Rd, Villanova, PA 19085, USA
-- Rating: 4.6/5.0 (34 reviews)

-- Crows Woods Fields
-- Crows Woods Loop, Haddonfield, NJ 08033, USA
-- Rating: 4/5.0 (65 reviews)

-- Pittsgrove Township Soccer
-- Pittsgrove, NJ 08318, USA
-- Rating: 4.5/5.0 (52 reviews)

-- Geasey Field
-- 1890 N 15th St, Philadelphia, PA 19121, USA
-- Rating: 4.5/5.0 (37 reviews)

-- Starfinder Foundation
-- 4015 Main St, Philadelphia, PA 19127, USA
-- Rating: 4.9/5.0 (32 reviews)

-- William Wilt Soccer Complex
-- Mullica Hill, NJ 08062, USA
-- Rating: 4.6/5.0 (210 reviews)

-- Logan Soccer Complex
-- 2201 Township Line Rd, Logan Township, NJ 08085, USA
-- Rating: 4.6/5.0 (65 reviews)

-- Zack Saint Memorial Fields
-- 7 Pennwood Dr, Morgantown, PA 19543, USA
-- Rating: 4.1/5.0 (38 reviews)

-- Campo Amistad
-- 2314 Carman St, Camden, NJ 08105, USA
-- Rating: 4.5/5.0 (58 reviews)

-- Washington Township Soccer County House Complex
-- County House Rd, Sewell, NJ 08080, USA
-- Rating: 4.4/5.0 (51 reviews)

-- Rowan University Soccer Stadium
-- 297-399 North Campus Drive, Glassboro, NJ 08028, USA
-- Rating: 4.5/5.0 (14 reviews)

-- Sweeney Field
-- 5600 City Ave, Philadelphia, PA 19131, USA
-- Rating: 4.5/5.0 (188 reviews)

-- Devon Ave. Soccer Fields
-- 1600 Hazel, Haddon Heights, NJ 08035, USA
-- Rating: 4.2/5.0 (62 reviews)

-- David L. Venella Memorial Park / Green Acres Park
-- Dettmar Terrace, Runnemede, NJ 08078, USA
-- Rating: 4.5/5.0 (118 reviews)

-- La Deportiva
-- 800 Julian Ln, Bear, DE 19701, USA
-- Rating: 4.3/5.0 (57 reviews)

-- lower oakbourne soccer field
-- 500 E Pleasant Grove Rd, West Chester, PA 19382, USA
-- Rating: 4.7/5.0 (3 reviews)

-- Forwood Elementary soccer fields
-- Wilmington, DE 19810, USA
-- Rating: 4.2/5.0 (13 reviews)

-- Palumbo Recreation Center
-- 725 S 10th St, Philadelphia, PA 19147, USA
-- Rating: 4.5/5.0 (134 reviews)

-- 69th Street Recreation Area
-- 555 S 69th St, Upper Darby Township, PA 19082, USA
-- Rating: 4.4/5.0 (108 reviews)

-- Rap Curry Athletic Complex Kerr Field
-- 1100-1112 Baily Rd, Yeadon, PA 19050, USA
-- Rating: 4.3/5.0 (111 reviews)

-- XL Sports World Cherry Hill
-- 650 Kresson Rd, Cherry Hill Township, NJ 08034, USA
-- Rating: 4.3/5.0 (533 reviews)

-- South Avenue Sports Complex
-- 283-299 W South Ave, Glenolden, PA 19036, USA
-- Rating: 4.2/5.0 (104 reviews)

-- Woodbury Football Field
-- 435 E Red Bank Ave, Woodbury, NJ 08096, USA
-- Rating: 4.3/5.0 (26 reviews)

-- Lighthouse Field
-- Roosevelt Blvd &, 2686 Southampton Rd, Philadelphia, PA 19116, USA
-- Rating: 4.2/5.0 (50 reviews)

-- La Bombonera 2
-- 465 Marina la, New Castle, DE 19720, USA
-- Rating: 4.4/5.0 (141 reviews)

-- Hidden Acres Township Park
-- 280 Jessups Mill Rd, Clarksboro, NJ 08020, USA
-- Rating: 4.3/5.0 (51 reviews)

-- Lincoln Financial Field
-- One Lincoln Financial Field Way, Philadelphia, PA 19148, USA
-- Rating: 4.6/5.0 (13789 reviews)

-- A. A. Garthwaite Stadium
-- 100 E 11th Ave, Conshohocken, PA 19428, USA
-- Rating: 4.5/5.0 (71 reviews)

-- Abington School District athletic field
-- 970 Highland Ave, Abington, PA 19001, USA
-- Rating: 4.5/5.0 (39 reviews)

-- Frankford Stadium
-- 1074 Dyre St, Philadelphia, PA 19124, USA
-- Rating: 4.3/5.0 (124 reviews)

-- Franklin Field
-- 235 S 33rd St, Philadelphia, PA 19104, USA
-- Rating: 4.6/5.0 (1025 reviews)

-- Cherry Hill West High School Football Field
-- 1501-1551 Weld Ave, Cherry Hill Township, NJ 08002, USA
-- Rating: 4.4/5.0 (43 reviews)

-- The Proving Grounds
-- 725 Conshohocken Rd, Conshohocken, PA 19428, USA
-- Rating: 4.7/5.0 (321 reviews)

-- Academy Sports Complex
-- 3527 Lincoln Hwy, Thorndale, PA 19372, USA
-- Rating: 4.8/5.0 (29 reviews)

-- YSC Sports
-- 224 County Line Rd, Wayne, PA 19087, USA
-- Rating: 4.5/5.0 (450 reviews)

-- United Sports
-- 1426 Marshallton Thorndale Rd, Downingtown, PA 19335, USA
-- Rating: 4.3/5.0 (610 reviews)

-- Phield House
-- 814 Spring Garden St, Philadelphia, PA 19123, USA
-- Rating: 4.6/5.0 (213 reviews)

-- MSI Sports Complex
-- 4881 Chichester Ave, Upper Chichester, PA 19014, USA
-- Rating: 3.6/5.0 (413 reviews)

-- Maiaroto Sports Complex
-- 3001 Echelon Rd, Voorhees Township, NJ 08043, USA
-- Rating: 4.4/5.0 (45 reviews)

-- Kirkwood Sports
-- 1220 River Rd, New Castle, DE 19720, USA
-- Rating: 4.2/5.0 (300 reviews)

-- Upper Dublin Sports Park
-- 725 Susquehanna Rd, Fort Washington, PA 19034, USA
-- Rating: 4.8/5.0 (41 reviews)

-- Township Of Gloucester Sports Complex At Valley Brook
-- 247 Little Gloucester Rd, Blackwood, NJ 08012, USA
-- Rating: 4.9/5.0 (21 reviews)

-- Next Level Indoor Sports
-- 50 Senn Dr, Chester Springs, PA 19425, USA
-- Rating: 4.7/5.0 (35 reviews)

-- Steelyard Sports Indoor/Outdoor Sports Complex
-- 538 Swedeland Rd, King of Prussia, PA 19406, USA
-- Rating: 4.4/5.0 (58 reviews)

-- Temple University Sports Complex
-- 1300 Master St, Philadelphia, PA 19122, USA
-- Rating: 4.6/5.0 (124 reviews)

-- Slim's Sports Complex
-- 938 Middletown Warwick Rd, Middletown, DE 19709, USA
-- Rating: 4.6/5.0 (83 reviews)

-- Walt Nicgorski Sports Complex
-- Collins Ave, Pennsauken, NJ 08110, USA
-- Rating: 4.4/5.0 (41 reviews)

-- Subaru Park
-- 2501 Seaport Dr, Chester, PA 19013, USA
-- Rating: 4.6/5.0 (3847 reviews)

-- South Philadelphia Super Site
-- 2926-2968 S 10th St, Philadelphia, PA 19148, USA
-- Rating: 4.3/5.0 (204 reviews)

-- McCarthy Stadium
-- 1900 W Olney Ave, Philadelphia, PA 19141, USA
-- Rating: 4.2/5.0 (40 reviews)

-- Marcus Foster Memorial Stadium
-- 1600 Staub St, Philadelphia, PA 19140, USA
-- Rating: 4.3/5.0 (357 reviews)

-- Villanova Stadium
-- 800 E. Lancaster Ave, Villanova, PA 19085, USA
-- Rating: 4.5/5.0 (250 reviews)

-- Viking Stadium
-- King of Prussia, PA 19406, USA
-- Rating: 4.8/5.0 (20 reviews)

-- Leslie C. Quick Jr. Stadium
-- 1 University Pl, Chester, PA 19013, USA
-- Rating: 4.2/5.0 (106 reviews)

-- Abessinio Stadium
-- 1 St. Rocco Way, Wilmington, DE 19802, USA
-- Rating: 4.8/5.0 (57 reviews)

-- Benjamin L Johnston Memorial Stadium
-- 1199 E Sedgwick St, Philadelphia, PA 19150, USA
-- Rating: 4.5/5.0 (96 reviews)

-- Gittone Stadium
-- 50 Montrose St, Vineland, NJ 08360, USA
-- Rating: 4.4/5.0 (159 reviews)

-- Draper Walsh Stadium
-- Malvern, PA 19355, USA
-- Rating: 4.3/5.0 (15 reviews)

-- Stuart & Suzanne Grant Stadium
-- Newark, DE 19713, USA
-- Rating: 4.6/5.0 (11 reviews)

-- Farrell Stadium
-- 855 S New St, West Chester, PA 19383, USA
-- Rating: 4.4/5.0 (197 reviews)

-- Coach Richard Wackar Stadium
-- Carpenter St, Glassboro, NJ 08028, USA
-- Rating: 4.6/5.0 (134 reviews)


